{"pId":0,"spatial":[118.54289693697334,29.282737,119.678715,29.811047],"temporal":[1596321205,1596427548],"count":5}
{"pId":1,"spatial":[119.92484172838,30.050094263817,120.09858207,30.444177],"temporal":[1596249868,1596448402],"count":8}
{"pId":2,"spatial":[119.266709,29.465195,120.583029,30.480151644172],"temporal":[1596065414,1598884370],"count":588}
{"pId":3,"spatial":[120.170661,30.27091,120.2796745,30.34578785],"temporal":[1596353917,1596458264],"count":3}
{"pId":4,"spatial":[119.211598,29.358624,119.79601854016,29.93139394088],"temporal":[1596266377,1596760695],"count":12}
{"pId":5,"spatial":[118.70489032669,29.370202495608,120.4607715,30.484480420101],"temporal":[1596212680,1598881192],"count":469}
{"pId":6,"spatial":[120.1425965,29.954931445972,120.547775,30.264526],"temporal":[1596495533,1596776962],"count":13}
{"pId":7,"spatial":[120.1049798913,30.052189776984,120.45661007298,30.47725794],"temporal":[1596235422,1597452148],"count":93}
{"pId":8,"spatial":[0.0,0.0,120.681881,30.48373425],"temporal":[1596066131,1598888845],"count":1959}
{"pId":9,"spatial":[118.945239,30.184001,120.1538753,30.45807384],"temporal":[1596792151,1598753210],"count":43}
{"pId":10,"spatial":[119.730613,30.034210898524314,120.59708373118,30.4267068],"temporal":[1596496733,1597466459],"count":127}
{"pId":11,"spatial":[119.938385,30.1518711,120.3059759959,30.4845506983],"temporal":[1596232451,1598875582],"count":49}
{"pId":12,"spatial":[1.000001,1.000001,120.15828991922,30.202485],"temporal":[1597467458,1598883759],"count":387}
{"pId":13,"spatial":[1.000001,1.000001,120.15995801535,30.484480420101],"temporal":[1596229912,1598889550],"count":796}
{"pId":14,"spatial":[1.000001,1.000001,120.597091,30.4825720407],"temporal":[1596231328,1598889247],"count":2789}
