{"pId":0,"spatial":[-8.709399,41.008275,-8.49159,41.260086],"temporal":[1372636858,1372670533],"count":567}
{"pId":1,"spatial":[-8.696745,41.164722,-8.561556,41.259645],"temporal":[1372637091,1372668353],"count":78}
{"pId":2,"spatial":[-8.621721,41.077557,-8.505918,41.241933],"temporal":[1372636853,1372670342],"count":280}
{"pId":3,"spatial":[-8.621082,41.157567,-8.486757,41.222313],"temporal":[1372638303,1372670440],"count":75}
