{"pId":0,"spatial":[-8.632746,41.14521,-8.628687,41.152518],"temporal":[1372636963,1372637083],"count":9}
{"pId":1,"spatial":[-8.632323,41.15268,-8.630829,41.154516],"temporal":[1372637098,1372637188],"count":7}
{"pId":2,"spatial":[-8.627373,41.141376,-8.618499,41.144697],"temporal":[1372636858,1372636948],"count":6}
{"pId":3,"spatial":[-8.62668,41.144778,-8.62668,41.144778],"temporal":[1372636933,1372636933],"count":1}
